﻿掲載開始,Sコード,リクナビ企業ID,掲載社名,参画プラン,代行入力を依頼したい企画,新規／修正,RA営業部,RA拠点名,RA担当者名,メッセージタイプ,メッセージテンプレートフォームID,メッセージテンプレート名称,オリジナルデザイン,件名,本文,バーコード表示,返信受付設定,OpenES提出依頼,自動返信対象エントリー日　から,自動返信対象エントリー日　まで,自動送信する曜日,自動返信する時間帯　1つめ,自動返信する時間帯　2つめ,自動返信する時間帯　3つめ,動作状態,メッセージタイプ,メッセージテンプレートフォームID,メッセージテンプレート名称,送付方法,オリジナルデザイン,件名,本文,バーコード表示,返信受付設定,自動返信対象エントリー日　から,自動返信対象エントリー日　まで,自動送信する曜日,自動返信する時間帯　1つめ,自動返信する時間帯　2つめ,自動返信する時間帯　3つめ,動作状態,メッセージタイプ,メッセージテンプレートフォームID,メッセージテンプレート名称,送付方法,オリジナルデザイン,件名,本文,バーコード表示,返信受付設定,自動返信対象エントリー日　から,自動返信対象エントリー日　まで,自動送信する曜日,自動返信する時間帯　1つめ,自動返信する時間帯　2つめ,自動返信する時間帯　3つめ,動作状態
20180901,7336000499,r137201090,リクナビ商事,シンプルプラン,"ロボ01_会社情報掲載（基本企画・WES）
",新規,営業3部,新橋アイマーク,鈴木太郎,リクナビ自動返信（お礼メッセージ）,"""001""",プレエントリーお礼メッセージ,利用しない,プレエントリーありがとうございます。,"${UI:nm}様

この度は、弊社にプレエントリーいただきありがとうございます。
取り急ぎ、お礼とプレエントリーの受付完了のご連絡をさせていただきます。

今後のセミナーおよび選考会のスケジュールなどにつきましては、""
詳細が決,まり次第、弊社から${UI:ln}さんのマイページ宛にお知らせいたします。
もうしばらくお待ちください。

末筆ながら、就職活動のご成功を心よりお祈りいたします。",表示しない,返信を受け付けない,OpenES提出依頼をしない,20190301,20200228,毎日,10:00-13:00,13:00-15:00,15:00-18:00,動作中,リクナビ自動返信（お礼メッセージ）,"""002""",説明会のお礼メッセージ,リクナビのメッセージBOXに送信／非会員には送信しない,利用しない,ご予約ありがとうございます。,"${UI:nm}さん、こんにちは！

この度は、ご予約いただき、ありがとうございます。
 以下の内容でご予約を受け付けましたので、ご確認ください。

-----------------------------------------
予約コード：　${EV:cd}
開催県：　${EV:pl}
開催日時：　${EV:dt} ${EV:tm}
-----------------------------------------

もしご都合が悪くなった場合は、
${EV:ca}　${EV:ch}までにリクナビの「マイページ」のマイ企業リスト画面もしくは
 スケジュール画面から必ずキャンセルを行ってください。

それでは当日${UI:ln}さんとお会いできることを楽しみにしております。",表示しない,返信を受け付けない,20190301,20200228,毎日,10:00-13:00,13:00-15:00,15:00-18:00,動作中,リクナビ自動返信（お礼メッセージ）,"""003""",説明会キャンセルメッセージ,リクナビのメッセージBOXに送信／非会員には送信しない,利用しない,説明会のキャンセルを承りました。,"${UI:nm}さん、こんにちは！

ご連絡いただいた${EV:dt} ${EV:tm}の説明会の予約キャンセルを
確かに受け付けましたので、ご連絡いたします。

今回${UI:ln}さんとお会いできないのは残念ですが
また是非、ご検討ください。

就活にお忙しい毎日をお過ごしかと思いますが、
${UI:ln}さんのご予約、心よりお待ちしております。",表示しない,返信を受け付けない,20190301,20200228,毎日,10:00-13:00,13:00-15:00,15:00-18:00,動作中
